fecha,nombre_feriado
2016-01-01,Confraternização Universal
2016-03-25,Sexta-feira Santa
2016-04-21,Tiradentes
2016-05-01,Dia do Trabalhador
2016-09-07,Independência do Brasil
2016-10-12,Nossa Senhora Aparecida
2016-11-02,Finados
2016-11-15,Proclamação da República
2016-12-25,Natal
2017-01-01,Confraternização Universal
2017-04-14,Sexta-feira Santa
2017-04-21,Tiradentes
2017-05-01,Dia do Trabalhador
2017-09-07,Independência do Brasil
2017-10-12,Nossa Senhora Aparecida
2017-11-02,Finados
2017-11-15,Proclamação da República
2017-12-25,Natal
2018-01-01,Confraternização Universal
2018-03-30,Sexta-feira Santa
2018-04-21,Tiradentes
2018-05-01,Dia do Trabalhador
2018-09-07,Independência do Brasil
2018-10-12,Nossa Senhora Aparecida
2018-11-02,Finados
2018-11-15,Proclamação da República
2018-12-25,Natal
2019-01-01,Confraternização Universal
2019-04-19,Sexta-feira Santa
2019-04-21,Tiradentes
2019-05-01,Dia do Trabalhador
2019-09-07,Independência do Brasil
2019-10-12,Nossa Senhora Aparecida
2019-11-02,Finados
2019-11-15,Proclamação da República
2019-12-25,Natal
2020-01-01,Confraternização Universal
2020-04-10,Sexta-feira Santa
2020-04-21,Tiradentes
2020-05-01,Dia do Trabalhador
2020-09-07,Independência do Brasil
2020-10-12,Nossa Senhora Aparecida
2020-11-02,Finados
2020-11-15,Proclamação da República
2020-12-25,Natal
